{
  "Tribhuvan International Airport, Kathmandu": {
    "Thamel, Kathmandu": 5226.074906669909,
    "Patan Durbar Square, Kathmandu": 4234.700746499538,
    "Bhaktapur Durbar Square": 7334.243308656051,
    "Swayambhunath, Kathmandu": 7090.63221310003,
    "Bouddhanath Stupa, Kathmandu": 2796.0411375708213,
    "New Baneshwor, Kathmandu": 4335.266085314577,
    "Kalanki, Kathmandu": 7711.469622628107,
    "Kirtipur, Kathmandu": 7345.067102884651,
    "Godawari Botanical Garden, Kathmandu": 7433.96827598193,
    "Lakeside, Pokhara": 146460.79842261784,
    "Phewa Lake, Pokhara": 146499.78298598807,
    "Sarangkot, Pokhara": 148479.18488994558,
    "World Peace Pagoda, Pokhara": 147806.66360864192,
    "Mahendrapul, Pokhara": 146833.34437620424,
    "Kahun Danda, Pokhara": 146004.71247339045,
    "Hemja, Pokhara": 146289.50692187672,
    "Batulechaur, Pokhara": 143253.6496852303,
    "Pokhara Airport": 146198.39634535369,
    "Prithvi Chowk, Pokhara": 145874.5097946672
  },
  "Thamel, Kathmandu": {
    "Tribhuvan International Airport, Kathmandu": 5226.074906669909,
    "Patan Durbar Square, Kathmandu": 4952.3029706074185,
    "Bhaktapur Durbar Square": 12558.669327118587,
    "Swayambhunath, Kathmandu": 1990.4258993118349,
    "Bouddhanath Stupa, Kathmandu": 5138.086878637164,
    "New Baneshwor, Kathmandu": 956.4552294287813,
    "Kalanki, Kathmandu": 3805.741334973634,
    "Kirtipur, Kathmandu": 5101.532496243393,
    "Godawari Botanical Garden, Kathmandu": 10247.233818450835,
    "Lakeside, Pokhara": 141234.79376795935,
    "Phewa Lake, Pokhara": 141273.7660901865,
    "Sarangkot, Pokhara": 143253.40411999216,
    "World Peace Pagoda, Pokhara": 142581.99121374867,
    "Mahendrapul, Pokhara": 141607.38893252145,
    "Kahun Danda, Pokhara": 140779.31894618692,
    "Hemja, Pokhara": 141065.10128054928,
    "Batulechaur, Pokhara": 138028.59728279657,
    "Pokhara Airport": 140972.9542491642,
    "Prithvi Chowk, Pokhara": 140648.5163408981
  },
  "Patan Durbar Square, Kathmandu": {
    "Tribhuvan International Airport, Kathmandu": 4234.700746499538,
    "Thamel, Kathmandu": 4952.3029706074185,
    "Bhaktapur Durbar Square": 10128.647861393241,
    "Swayambhunath, Kathmandu": 5849.768409607432,
    "Bouddhanath Stupa, Kathmandu": 6512.287541206689,
    "New Baneshwor, Kathmandu": 4685.917359037368,
    "Kalanki, Kathmandu": 4945.6490759234075,
    "Kirtipur, Kathmandu": 3571.1215436616308,
    "Godawari Botanical Garden, Kathmandu": 5332.540047223163,
    "Lakeside, Pokhara": 144507.66432601376,
    "Phewa Lake, Pokhara": 144548.3941591327,
    "Sarangkot, Pokhara": 146505.25935723676,
    "World Peace Pagoda, Pokhara": 145786.58872022075,
    "Mahendrapul, Pokhara": 144874.23234766015,
    "Kahun Danda, Pokhara": 144131.38648453698,
    "Hemja, Pokhara": 144450.4152981693,
    "Batulechaur, Pokhara": 141394.91050213322,
    "Pokhara Airport": 144206.90853492732,
    "Prithvi Chowk, Pokhara": 143920.09512209496
  },
  "Bhaktapur Durbar Square": {
    "Tribhuvan International Airport, Kathmandu": 7334.243308656051,
    "Thamel, Kathmandu": 12558.669327118587,
    "Patan Durbar Square, Kathmandu": 10128.647861393241,
    "Swayambhunath, Kathmandu": 14412.86901973034,
    "Bouddhanath Stupa, Kathmandu": 8518.63627396908,
    "New Baneshwor, Kathmandu": 11654.191806661209,
    "Kalanki, Kathmandu": 14707.318750489849,
    "Kirtipur, Kathmandu": 13699.520125854817,
    "Godawari Botanical Garden, Kathmandu": 9001.4037784687,
    "Lakeside, Pokhara": 153792.34638864384,
    "Phewa Lake, Pokhara": 153831.23997909148,
    "Sarangkot, Pokhara": 155811.66661495794,
    "World Peace Pagoda, Pokhara": 155140.54918101022,
    "Mahendrapul, Pokhara": 154165.18410078943,
    "Kahun Danda, Pokhara": 153330.66544350653,
    "Hemja, Pokhara": 153612.1292904994,
    "Batulechaur, Pokhara": 150578.35573857388,
    "Pokhara Airport": 153531.5589419632,
    "Prithvi Chowk, Pokhara": 153206.13349674438
  },
  "Swayambhunath, Kathmandu": {
    "Tribhuvan International Airport, Kathmandu": 7090.63221310003,
    "Thamel, Kathmandu": 1990.4258993118349,
    "Patan Durbar Square, Kathmandu": 5849.768409607432,
    "Bhaktapur Durbar Square": 14412.86901973034,
    "Bouddhanath Stupa, Kathmandu": 7116.961400413306,
    "New Baneshwor, Kathmandu": 2944.743050601018,
    "Kalanki, Kathmandu": 2602.6559927646626,
    "Kirtipur, Kathmandu": 4637.873616719893,
    "Godawari Botanical Garden, Kathmandu": 11146.44675228295,
    "Lakeside, Pokhara": 139414.70521522115,
    "Phewa Lake, Pokhara": 139454.06799543402,
    "Sarangkot, Pokhara": 141428.8344914373,
    "World Peace Pagoda, Pokhara": 140747.34571577507,
    "Mahendrapul, Pokhara": 139785.9951959598,
    "Kahun Danda, Pokhara": 138977.28864877622,
    "Hemja, Pokhara": 139271.05099748587,
    "Batulechaur, Pokhara": 136229.785688823,
    "Pokhara Airport": 139144.40355109316,
    "Prithvi Chowk, Pokhara": 138828.10857472196
  },
  "Bouddhanath Stupa, Kathmandu": {
    "Tribhuvan International Airport, Kathmandu": 2796.0411375708213,
    "Thamel, Kathmandu": 5138.086878637164,
    "Patan Durbar Square, Kathmandu": 6512.287541206689,
    "Bhaktapur Durbar Square": 8518.63627396908,
    "Swayambhunath, Kathmandu": 7116.961400413306,
    "New Baneshwor, Kathmandu": 4206.958407730576,
    "Kalanki, Kathmandu": 8598.07206668528,
    "Kirtipur, Kathmandu": 8953.4399220605,
    "Godawari Botanical Garden, Kathmandu": 10229.897322083805,
    "Lakeside, Pokhara": 145663.69927757813,
    "Phewa Lake, Pokhara": 145701.4283284056,
    "Sarangkot, Pokhara": 147696.0823216492,
    "World Peace Pagoda, Pokhara": 147056.92119459802,
    "Mahendrapul, Pokhara": 146040.3443378289,
    "Kahun Danda, Pokhara": 145151.5707306508,
    "Hemja, Pokhara": 145412.4157015056,
    "Batulechaur, Pokhara": 142391.47194436425,
    "Pokhara Airport": 145428.76360866652,
    "Prithvi Chowk, Pokhara": 145078.55920065485
  },
  "New Baneshwor, Kathmandu": {
    "Tribhuvan International Airport, Kathmandu": 4335.266085314577,
    "Thamel, Kathmandu": 956.4552294287813,
    "Patan Durbar Square, Kathmandu": 4685.917359037368,
    "Bhaktapur Durbar Square": 11654.191806661209,
    "Swayambhunath, Kathmandu": 2944.743050601018,
    "Bouddhanath Stupa, Kathmandu": 4206.958407730576,
    "Kalanki, Kathmandu": 4539.95901153988,
    "Kirtipur, Kathmandu": 5502.719255003109,
    "Godawari Botanical Garden, Kathmandu": 9855.315257459473,
    "Lakeside, Pokhara": 142139.20839256633,
    "Phewa Lake, Pokhara": 142178.0309841381,
    "Sarangkot, Pokhara": 144159.5131067139,
    "World Peace Pagoda, Pokhara": 143491.931316677,
    "Mahendrapul, Pokhara": 142512.2993829724,
    "Kahun Danda, Pokhara": 141676.78395637314,
    "Hemja, Pokhara": 141959.4631336109,
    "Batulechaur, Pokhara": 138924.84180934294,
    "Pokhara Airport": 141880.59733119735,
    "Prithvi Chowk, Pokhara": 141553.0581856084
  },
  "Kalanki, Kathmandu": {
    "Tribhuvan International Airport, Kathmandu": 7711.469622628107,
    "Thamel, Kathmandu": 3805.741334973634,
    "Patan Durbar Square, Kathmandu": 4945.6490759234075,
    "Bhaktapur Durbar Square": 14707.318750489849,
    "Swayambhunath, Kathmandu": 2602.6559927646626,
    "Bouddhanath Stupa, Kathmandu": 8598.07206668528,
    "New Baneshwor, Kathmandu": 4539.95901153988,
    "Kirtipur, Kathmandu": 2350.5794822371327,
    "Godawari Botanical Garden, Kathmandu": 9791.916342057715,
    "Lakeside, Pokhara": 139567.56222196156,
    "Phewa Lake, Pokhara": 139608.181999969,
    "Sarangkot, Pokhara": 141566.60987743817,
    "World Peace Pagoda, Pokhara": 140851.64567900033,
    "Mahendrapul, Pokhara": 139934.52617276824,
    "Kahun Danda, Pokhara": 139187.36967886973,
    "Hemja, Pokhara": 139505.44020237704,
    "Batulechaur, Pokhara": 136450.4056729272,
    "Pokhara Airport": 139269.52634746526,
    "Prithvi Chowk, Pokhara": 138980.06325302424
  },
  "Kirtipur, Kathmandu": {
    "Tribhuvan International Airport, Kathmandu": 7345.067102884651,