{
  "Tribhuvan International Airport, Kathmandu": [27.69639, 85.35889],
  "Thamel, Kathmandu": [27.7151556, 85.3102194],
  "Patan Durbar Square, Kathmandu": [27.6726553, 85.3252567],
  "Bhaktapur Durbar Square": [27.672027, 85.428108],
  "Swayambhunath, Kathmandu": [27.71500, 85.29000],
  "Bouddhanath Stupa, Kathmandu": [27.72139, 85.36194],
  "New Baneshwor, Kathmandu": [27.71453, 85.31991],
  "Kalanki, Kathmandu": [27.6931052, 85.2806539],
  "Kirtipur, Kathmandu": [27.6733, 85.2890],  
  "Godawari Botanical Garden, Kathmandu": [27.6300, 85.3500], 

  "Lakeside, Pokhara": [28.2096, 83.9856],       
  "Phewa Lake, Pokhara": [28.2103, 83.9855],    
  "Sarangkot, Pokhara": [28.2100, 83.9635],      
  "World Peace Pagoda, Pokhara": [28.1925, 83.9629], 
  "Mahendrapul, Pokhara": [28.2090, 83.9812],   
  "Kahun Danda, Pokhara": [28.2333, 84.0022],    
  "Hemja, Pokhara": [28.2451, 84.0050],         
  "Batulechaur, Pokhara": [28.2275, 84.0300],   
  "Pokhara Airport": [28.1963, 83.9823],        
  "Prithvi Chowk, Pokhara": [28.2071, 83.9909]    
}


